source,target
8066420215978626200,13236699625184555085
8066420215978626200,16591370746482138146
8066420215978626200,14110279249614759766
8066420215978626200,3304380016146467847
8066420215978626200,1887245510893068274
8066420215978626200,1562411374718911369
8066420215978626200,6819705721538462045
8066420215978626200,13505226937986080014
8066420215978626200,17345052744690172019
8066420215978626200,14265606160750307633
3304380016146467847,16888448779462822920
3304380016146467847,13102890771516471065
3304380016146467847,4300970004529238500
3304380016146467847,8183041740730860922
3304380016146467847,8799294614287754687
3304380016146467847,7422287691854027578
3304380016146467847,6188521334471223664
3304380016146467847,11612397823986747102
3304380016146467847,18390664711257628156
3304380016146467847,16223135719897629050
13236699625184555085,5679112812587673136
13236699625184555085,10648730190837903444
13236699625184555085,3962376345999534905
13236699625184555085,10247494253034349414
13236699625184555085,4214277860018394789
13236699625184555085,17852612799127925294
13236699625184555085,2073577407186785391
13236699625184555085,1489993461186349819
13236699625184555085,2080725945568323480
13236699625184555085,4399704678323594501
14265606160750307633,5006104005375103440
14265606160750307633,4193185519624700375
14265606160750307633,14411475534889182638
14265606160750307633,1290196611759789063
14265606160750307633,5361927362055160247
14265606160750307633,6892682849836142198
14265606160750307633,5153238852742282789
14265606160750307633,5915866172981566317
14265606160750307633,18156273864574094821
14265606160750307633,1880948881301794679
14110279249614759766,8103720807881363458
14110279249614759766,8334743914074564238
14110279249614759766,10345673944223584188
14110279249614759766,2869814780032928070
14110279249614759766,9611108896558765206
14110279249614759766,16527511400766981511
14110279249614759766,14360267707157969385
14110279249614759766,14162573206212289292
14110279249614759766,17356745435013955378
14110279249614759766,1991228081183103841
1887245510893068274,15306232667940952711
1887245510893068274,13236699625184555085
1887245510893068274,3266363484838289409
1887245510893068274,16809983107195186079
1887245510893068274,6098919591132601339
1887245510893068274,8612318971229495860
1887245510893068274,7553340185024589582
1887245510893068274,3105156469460524840
1887245510893068274,15166365308210523536
1887245510893068274,14638653465637018739
1562411374718911369,11594452642351371823
1562411374718911369,5091517075742540644
1562411374718911369,17219429169266262117
1562411374718911369,14418749084142240280
1562411374718911369,5220543107042880529
1562411374718911369,15702034331667910159
1562411374718911369,8241988029677197660
1562411374718911369,15544515372915768263
1562411374718911369,715987523523198463
1562411374718911369,7461528665690739762
17345052744690172019,10650404028368958861
17345052744690172019,15167405596197157282
17345052744690172019,2101221661931891468
17345052744690172019,12214708765835075434
17345052744690172019,14381482001435739969
17345052744690172019,4446767945767351460
17345052744690172019,6089430789798386676
17345052744690172019,4650143059439853068
17345052744690172019,8323041867074064223
17345052744690172019,11235601579137545941
13505226937986080014,9751592570670668759
13505226937986080014,342103249347579926
13505226937986080014,10413443285896404702
13505226937986080014,3854089764774945796
13505226937986080014,4333318140645464937
13505226937986080014,441937914130825853
13505226937986080014,2366035291457939803
13505226937986080014,3979021768671065201
13505226937986080014,789468812864626323
13505226937986080014,2618637740509683199
16591370746482138146,2857487329459263699
16591370746482138146,5706335264989253980
16591370746482138146,14104802430711603539
16591370746482138146,6215657238947212255
16591370746482138146,449426041704379020
16591370746482138146,15546387305939921338
16591370746482138146,7461414438484792335
16591370746482138146,18203790892406879924
16591370746482138146,12637762590538140093
16591370746482138146,3447602556187162246
6819705721538462045,11780698255487103800
6819705721538462045,208829199956979047
6819705721538462045,13299000382113771897
6819705721538462045,13159594198281220998
6819705721538462045,6429313507243502838
6819705721538462045,10667577269028508114
6819705721538462045,11424932236210271867
6819705721538462045,14162573206212289292
6819705721538462045,1021195129240749246
6819705721538462045,5701411112753433621
2073577407186785391,9130043174745814928
2073577407186785391,8932264407390643826
2073577407186785391,3304380016146467847
2073577407186785391,8241988029677197660
2073577407186785391,5153238852742282789
2073577407186785391,5859189182175932129
2073577407186785391,2576254620197471737
2073577407186785391,18132682703003500105
2073577407186785391,7422287691854027578
2073577407186785391,10866315952855769171
5679112812587673136,1084319492318901004
5679112812587673136,14104802430711603539
5679112812587673136,7859327031530021263
5679112812587673136,1061468548269916276
5679112812587673136,2218048201106332066
5679112812587673136,15045578858232997570
5679112812587673136,6847911016071917995
5679112812587673136,13215100266514055936
5679112812587673136,18132682703003500105
5679112812587673136,7422287691854027578
10247494253034349414,7777403422853117269
10247494253034349414,14027126264172021394
10247494253034349414,10509069527219184280
10247494253034349414,12448284484533903865
10247494253034349414,5706472842039311672
10247494253034349414,9202965831117731523
10247494253034349414,4946452422128145608
10247494253034349414,13538208001490353167
10247494253034349414,16003074901489771674
10247494253034349414,13633324911007992224
2080725945568323480,562237100522414355
2080725945568323480,11332582555860383082
2080725945568323480,5939725836829968164
2080725945568323480,1084319492318901004
2080725945568323480,14104802430711603539
2080725945568323480,9202965831117731523
2080725945568323480,6843940700304940236
2080725945568323480,538398365923629719
2080725945568323480,18132682703003500105
2080725945568323480,3631250814487371332
1489993461186349819,9446036753714768070
1489993461186349819,16321964883897008955
1489993461186349819,4409352826752170255
1489993461186349819,16723545265565394037
1489993461186349819,1506589467047559028
1489993461186349819,5831470711760403079
1489993461186349819,5398250034280063458
1489993461186349819,11949610481886008050
1489993461186349819,17519287121832661123
1489993461186349819,7460358716781918299
10648730190837903444,216438368197785889
10648730190837903444,3197047365987925435
10648730190837903444,11936036095204903724
10648730190837903444,5955413268392323087
10648730190837903444,9376799126678585886
10648730190837903444,12862949442409413419
10648730190837903444,12357812522076543169
10648730190837903444,5213958580869472360
10648730190837903444,7422287691854027578
10648730190837903444,1961307044263115510
4399704678323594501,17933331652562110215
4399704678323594501,1084319492318901004
4399704678323594501,8360206094980864256
4399704678323594501,2823127473835678920
4399704678323594501,2013000463698223915
4399704678323594501,5454526319994403122
4399704678323594501,15244822656904325728
4399704678323594501,1332183124650822989
4399704678323594501,6847911016071917995
4399704678323594501,9459085455755039490
17852612799127925294,7553866733767991626
17852612799127925294,14385566492130847985
17852612799127925294,7732126400119097972
17852612799127925294,5748810434053884988
17852612799127925294,15832217943222816805
17852612799127925294,14437481283689753182
17852612799127925294,3767013258558681066
17852612799127925294,4867624544713105551
17852612799127925294,1932148436979802439
17852612799127925294,2263694881189783599
4214277860018394789,12027337611433656084
4214277860018394789,1586227916012731885
4214277860018394789,7848563193419906764
4214277860018394789,8641901304766229305
4214277860018394789,6167729176201706091
4214277860018394789,12947021549796386861
4214277860018394789,14597112453058323908
4214277860018394789,5977704821710393938
4214277860018394789,17948578969397859634
4214277860018394789,1190209612638819150
3962376345999534905,562237100522414355
3962376345999534905,11332582555860383082
3962376345999534905,8381802927252775875
3962376345999534905,1084319492318901004
3962376345999534905,14513443507521408732
3962376345999534905,17336518003978985923
3962376345999534905,5734660124489217225
3962376345999534905,3308130151685168031
3962376345999534905,16101441788795664751
3962376345999534905,2080725945568323480
2618637740509683199,8398995444646710436
2618637740509683199,3346020796831581502
2618637740509683199,2118256880409895283
2618637740509683199,4756775468544563841
2618637740509683199,16756239703257471060
2618637740509683199,13449987834672603037
2618637740509683199,7422287691854027578
2618637740509683199,1377663741039681720
2618637740509683199,15306693009332316298
2618637740509683199,1046153585432636063
3854089764774945796,11225595947544287162
3854089764774945796,1598067048343505827
3854089764774945796,4482987782633561427
3854089764774945796,9747372038792083160
3854089764774945796,191154111431141959
3854089764774945796,15566906561509014132
3854089764774945796,4692405695373102885
3854089764774945796,8432197776576831950
3854089764774945796,5688183201551402886
3854089764774945796,16223135719897629050
4333318140645464937,1434044974822666128
4333318140645464937,11803810325855635298
4333318140645464937,16561662888590538815
4333318140645464937,4234886412431304438
4333318140645464937,11407588976223023482
4333318140645464937,7687042620031061140
4333318140645464937,7477654632383057591
4333318140645464937,17377701994371892269
4333318140645464937,10477579892776570373
4333318140645464937,18390664711257628156
9751592570670668759,342103249347579926
9751592570670668759,4333318140645464937
9751592570670668759,8348503768996874137
9751592570670668759,16927833647185851638
9751592570670668759,18119837336464467517
9751592570670668759,16736769835102109818
9751592570670668759,10246545462566091750
9751592570670668759,2201799008000735189
9751592570670668759,5261154294103263125
9751592570670668759,789468812864626323
2366035291457939803,9751592570670668759
2366035291457939803,18096721817986336389
2366035291457939803,2071567823123986655
2366035291457939803,18383078777931140809
2366035291457939803,4089956285860520478
2366035291457939803,18119837336464467517
2366035291457939803,18208858326502874763
2366035291457939803,9571476592467362056
2366035291457939803,789468812864626323
2366035291457939803,6600227305452648644
789468812864626323,16567631213866338548
789468812864626323,5934177154026985203
789468812864626323,9150632139859632510
789468812864626323,3176712376745144849
789468812864626323,11925753686537329651
789468812864626323,191154111431141959
789468812864626323,10016184481343284530
789468812864626323,14786987973397796782
789468812864626323,12971829007153688486
789468812864626323,13246078620089878466
342103249347579926,1434044974822666128
342103249347579926,8168566389239898982
342103249347579926,13445434946259952951
342103249347579926,17872837896223258815
342103249347579926,4234886412431304438
342103249347579926,3884612417502323920
342103249347579926,11407588976223023482
342103249347579926,10163492393202361287
342103249347579926,7477654632383057591
342103249347579926,18390664711257628156
10413443285896404702,9751592570670668759
10413443285896404702,9069886964120186215
10413443285896404702,10634045990076947731
10413443285896404702,17113350606964878090
10413443285896404702,8960855261817712939
10413443285896404702,15291912573688820929
10413443285896404702,8554259934827012522
10413443285896404702,17037735270803325539
10413443285896404702,789468812864626323
10413443285896404702,13505226937986080014
3979021768671065201,10698989460529461774
3979021768671065201,11807014932687401869
3979021768671065201,1186329659601649053
3979021768671065201,441937914130825853
3979021768671065201,16162679266723022512
3979021768671065201,10246545462566091750
3979021768671065201,7422287691854027578
3979021768671065201,1773583530573006634
3979021768671065201,2618637740509683199
3979021768671065201,449615921280151860
441937914130825853,9631638749448645553
441937914130825853,15131684488004834759
441937914130825853,13614033475826848350
441937914130825853,9505184648687816887
441937914130825853,5860383057963065395
441937914130825853,658853064343658972
441937914130825853,15361993876847612983
441937914130825853,13552171639559139188
441937914130825853,7795278276423536044
441937914130825853,14753960984742864865
17356745435013955378,7325443777421068238
17356745435013955378,16079195565081284682
17356745435013955378,7250238144491927793
17356745435013955378,13753285876908961086
17356745435013955378,8592638108803959281
17356745435013955378,7327544618001460574
17356745435013955378,17582955475884419777
17356745435013955378,7477654632383057591
17356745435013955378,9377708346787898398
17356745435013955378,3947214383527614163
14162573206212289292,15382879638558225619
14162573206212289292,1947984178522331609
14162573206212289292,504286294620956073
14162573206212289292,12210555444019663967
14162573206212289292,7431572563446407035
14162573206212289292,17085001487914580378
14162573206212289292,9956221543385438294
14162573206212289292,1377604998770762866
14162573206212289292,2294958041621348377
14162573206212289292,7422287691854027578
2869814780032928070,12477121476031000841
2869814780032928070,11954329634615847888
2869814780032928070,10347053916294743554
2869814780032928070,4164834910163491818
2869814780032928070,12852755859878461918
2869814780032928070,15241231265254034070
2869814780032928070,16008040023965378840
2869814780032928070,5705174137822558052
2869814780032928070,5487363347318623008
2869814780032928070,3263248735145676119
9611108896558765206,9130043174745814928
9611108896558765206,4300970004529238500
9611108896558765206,4006877311376637428
9611108896558765206,3304380016146467847
9611108896558765206,4225492149930309412
9611108896558765206,751796285961630884
9611108896558765206,12357812522076543169
9611108896558765206,10866315952855769171
9611108896558765206,12987643570012757174
9611108896558765206,16223135719897629050
8334743914074564238,3216943222874594773
8334743914074564238,473520975900017237
8334743914074564238,15112274262534192321
8334743914074564238,12042749113390204757
8334743914074564238,16354727003489147998
8334743914074564238,16222441954629001294
8334743914074564238,675256608709088678
8334743914074564238,9614066418907673983
8334743914074564238,2348864222860221129
8334743914074564238,6188521334471223664
1991228081183103841,5862120588427530077
1991228081183103841,14400880436514414524
1991228081183103841,6697729816283138732
1991228081183103841,4106563253650020246
1991228081183103841,4578340340330788098
1991228081183103841,1032591742400235125
1991228081183103841,3585642134754402666
1991228081183103841,17734232281269600955
1991228081183103841,11088840093177004775
1991228081183103841,14073354467994643234
14360267707157969385,13258209167335446405
14360267707157969385,3779654074273723631
14360267707157969385,15649218733563996041
14360267707157969385,7557555601416259093
14360267707157969385,7834279756778480076
14360267707157969385,3668153930237162479
14360267707157969385,12141748512817027038
14360267707157969385,2430186955454022630
14360267707157969385,12921922582521249517
14360267707157969385,18184689940628762539
8103720807881363458,12640463559072082729
8103720807881363458,15491334362032130000
8103720807881363458,4578092975463568086
8103720807881363458,529034767791135344
8103720807881363458,14077338341669762529
8103720807881363458,8973437440562846000
8103720807881363458,12357812522076543169
8103720807881363458,11358946502660807947
8103720807881363458,10866315952855769171
8103720807881363458,16223135719897629050
16527511400766981511,14138426107733352789
16527511400766981511,14115363736389926636
16527511400766981511,13102890771516471065
16527511400766981511,9920101056699435840
16527511400766981511,4006877311376637428
16527511400766981511,3304380016146467847
16527511400766981511,6693055416877942075
16527511400766981511,4225492149930309412
16527511400766981511,16181689304115265849
16527511400766981511,3841779099930210325
10345673944223584188,12372403158915727663
10345673944223584188,9130043174745814928
10345673944223584188,4382391821080561019
10345673944223584188,1894888023738145997
10345673944223584188,12537323560549064480
10345673944223584188,14399849918144145978
10345673944223584188,17186144896521071592
10345673944223584188,1005150793109521557
10345673944223584188,3794675063679477629
10345673944223584188,48257305960876492
5361927362055160247,4574628090563433035
5361927362055160247,16343626605852030277
5361927362055160247,11881992852684674720
5361927362055160247,4972411236390059099
5361927362055160247,14969226737121912670
5361927362055160247,6454873221542372808
5361927362055160247,12768061253519059968
5361927362055160247,7613159691522770606
5361927362055160247,4037508667125344082
5361927362055160247,3055439883923472428
18156273864574094821,5832581108910400553
18156273864574094821,10680769402898340277
18156273864574094821,1687293743744338787
18156273864574094821,1455985816172658473
18156273864574094821,1979847636176158200
18156273864574094821,3439217356142435880
18156273864574094821,7865044319121311797
18156273864574094821,9654332449709289677
18156273864574094821,6524279106634017341
18156273864574094821,12828965257497211655
1290196611759789063,16746212954337231739
1290196611759789063,14708952008824146881
1290196611759789063,14905725141162097852
1290196611759789063,7198448445823076788
1290196611759789063,5153238852742282789
1290196611759789063,5859189182175932129
1290196611759789063,15544515372915768263
1290196611759789063,7461528665690739762
1290196611759789063,4037508667125344082
1290196611759789063,9110680192179881852
5153238852742282789,15640659413409527673
5153238852742282789,10043126389279166895
5153238852742282789,7465967670267718802
5153238852742282789,17339956378806024743
5153238852742282789,12212446990508947724
5153238852742282789,1018059631280519726
5153238852742282789,7461528665690739762
5153238852742282789,1726781833322941114
5153238852742282789,8234319093708081736
5153238852742282789,1880948881301794679
5915866172981566317,13135922481956327982
5915866172981566317,16981995087189805811
5915866172981566317,14439529360546740299
5915866172981566317,13332059783163090430
5915866172981566317,14919005227561698879
5915866172981566317,7523619888707851555
5915866172981566317,3448991681934097949
5915866172981566317,9247970763895334593
5915866172981566317,1781074312591718112
5915866172981566317,1880948881301794679
1880948881301794679,5325559618363258567
1880948881301794679,10326803897825243798
1880948881301794679,17763615735770485875
1880948881301794679,1679711664150740979
1880948881301794679,17180629045807469913
1880948881301794679,18152943754463115496
1880948881301794679,757068374410944043
1880948881301794679,2778325993189016128
1880948881301794679,17046300347093456410
1880948881301794679,13378140416035926142
6892682849836142198,4193185519624700375
6892682849836142198,315012134326387906
6892682849836142198,8532026874382017919
6892682849836142198,13339767798224857347
6892682849836142198,18379740062211767332
6892682849836142198,17395840736928565568
6892682849836142198,2908786437920131334
6892682849836142198,10078269690904788417
6892682849836142198,17934671939856634697
6892682849836142198,2225586654688127777
4193185519624700375,3648446162193192344
4193185519624700375,12625838108171639429
4193185519624700375,469880183023354049
4193185519624700375,14651317582950672129
4193185519624700375,9798695658816077811
4193185519624700375,8114441998743458002
4193185519624700375,1358443086786528761
4193185519624700375,2908786437920131334
4193185519624700375,6757098338237855611
4193185519624700375,10078269690904788417
14411475534889182638,9121617903658485645
14411475534889182638,4353957445557407509
14411475534889182638,16594246129781489575
14411475534889182638,12098486177413780871
14411475534889182638,5153238852742282789
14411475534889182638,15276426219519678214
14411475534889182638,613852904307272059
14411475534889182638,5915866172981566317
14411475534889182638,7461528665690739762
14411475534889182638,4037508667125344082
5006104005375103440,12382894766777351745
5006104005375103440,12530286172434348052
5006104005375103440,13698435275474187570
5006104005375103440,7046404224414049378
5006104005375103440,7523619888707851555
5006104005375103440,14252252325422146443
5006104005375103440,14176821775924700405
5006104005375103440,12889077477761156157
5006104005375103440,17706663547718461821
5006104005375103440,1880948881301794679
15544515372915768263,16746212954337231739
15544515372915768263,14905725141162097852
15544515372915768263,18410314705111784165
15544515372915768263,35109168247421341
15544515372915768263,10917116698555505236
15544515372915768263,7461528665690739762
15544515372915768263,4037508667125344082
15544515372915768263,1932148436979802439
15544515372915768263,14283680547237160619
15544515372915768263,9110680192179881852
5091517075742540644,1290196611759789063
5091517075742540644,4988303252012899818
5091517075742540644,8241988029677197660
5091517075742540644,5153238852742282789
5091517075742540644,15544515372915768263
5091517075742540644,7461528665690739762
5091517075742540644,18132682703003500105
5091517075742540644,7422287691854027578
5091517075742540644,4037508667125344082
5091517075742540644,1880948881301794679
7461528665690739762,13894995695484718550
7461528665690739762,2767914078314292465
7461528665690739762,5153238852742282789
7461528665690739762,723553594858089465
7461528665690739762,538398365923629719
7461528665690739762,18132682703003500105
7461528665690739762,1200628631498307868
7461528665690739762,12232533058009194091
7461528665690739762,12547892264819166062
7461528665690739762,1880948881301794679
8241988029677197660,17257925569895784732
8241988029677197660,1629348160733868999
8241988029677197660,5153238852742282789
8241988029677197660,5859189182175932129
8241988029677197660,7461528665690739762
8241988029677197660,13073142982736751178
8241988029677197660,7422287691854027578
8241988029677197660,4037508667125344082
8241988029677197660,14601288755087012300
8241988029677197660,6690425323743152769
5220543107042880529,5091517075742540644
5220543107042880529,16035431959193788822
5220543107042880529,17422429966497498923
5220543107042880529,12668193090152497843
5220543107042880529,5153238852742282789
5220543107042880529,5859189182175932129
5220543107042880529,2576254620197471737
5220543107042880529,538398365923629719
5220543107042880529,18132682703003500105
5220543107042880529,7422287691854027578
15702034331667910159,14533953302264081292
15702034331667910159,17295207277821691633
15702034331667910159,15352144072309009824
15702034331667910159,18023134743449279887
15702034331667910159,15260516453044638417
15702034331667910159,9735255908674837410
15702034331667910159,538398365923629719
15702034331667910159,18132682703003500105
15702034331667910159,11913700255242621482
15702034331667910159,1738495694689028275
11594452642351371823,11454520597854393928
11594452642351371823,17533564185673472290
11594452642351371823,2179520019753183179
11594452642351371823,14624811969964087422
11594452642351371823,14306979974899120713
11594452642351371823,14418749084142240280
11594452642351371823,8428832139431340577
11594452642351371823,5609315697561266076
11594452642351371823,9735255908674837410
11594452642351371823,715987523523198463
715987523523198463,2417271021909206412
715987523523198463,14624811969964087422
715987523523198463,12506740111156436510
715987523523198463,2765699442245646326
715987523523198463,15260516453044638417
715987523523198463,16009208717821730930
715987523523198463,5361674117319406451
715987523523198463,2198438833985681034
715987523523198463,18132682703003500105
715987523523198463,9359390528129134967
14418749084142240280,9737433216894415830
14418749084142240280,13043481444186123143
14418749084142240280,14624811969964087422
14418749084142240280,6025559740404768974
14418749084142240280,8428832139431340577
14418749084142240280,5609315697561266076
14418749084142240280,5361674117319406451
14418749084142240280,8780115668564064807
14418749084142240280,8706395909377308609
14418749084142240280,10884449216813809064
17219429169266262117,14533953302264081292
17219429169266262117,17295207277821691633
17219429169266262117,9281041632187098865
17219429169266262117,10762113624424160203
17219429169266262117,9735255908674837410
17219429169266262117,715987523523198463
17219429169266262117,3711612764742770365
17219429169266262117,538398365923629719
17219429169266262117,18132682703003500105
17219429169266262117,1738495694689028275
14104802430711603539,6924045021651999674
14104802430711603539,7153454903262733468
14104802430711603539,3304380016146467847
14104802430711603539,1402773958290482167
14104802430711603539,44543554363471823
14104802430711603539,11824688519389468974
14104802430711603539,9490582928931291413
14104802430711603539,9747372038792083160
14104802430711603539,7461528665690739762
14104802430711603539,13547242301681313533
18203790892406879924,6427713117479309862
18203790892406879924,17505033122791674822
18203790892406879924,8182452416777362807
18203790892406879924,14104802430711603539
18203790892406879924,12925640701735873335
18203790892406879924,5659094829777232407
18203790892406879924,7461414438484792335
18203790892406879924,16513688153421872508
18203790892406879924,3447602556187162246
18203790892406879924,10618720398602464344
5706335264989253980,8182452416777362807
5706335264989253980,449426041704379020
5706335264989253980,1021155519663545303
5706335264989253980,5659094829777232407
5706335264989253980,7461414438484792335
5706335264989253980,10403522792371844248
5706335264989253980,1492784414461743785
5706335264989253980,3008324490098292103
5706335264989253980,18203790892406879924
5706335264989253980,12637762590538140093
15546387305939921338,17505033122791674822
15546387305939921338,14104802430711603539
15546387305939921338,16942195205523261343
15546387305939921338,449426041704379020
15546387305939921338,5659094829777232407
15546387305939921338,1492784414461743785
15546387305939921338,8725874525404432535
15546387305939921338,12637762590538140093
15546387305939921338,16513688153421872508
15546387305939921338,3447602556187162246
7461414438484792335,8651097843739099737
7461414438484792335,15630820383328794597
7461414438484792335,9152196611731757515
7461414438484792335,16620614257798945015
7461414438484792335,10403522792371844248
7461414438484792335,14683515935476473877
7461414438484792335,1492784414461743785
7461414438484792335,11276781759269367237
7461414438484792335,13723469480400857446
7461414438484792335,9965735584661151964
6215657238947212255,12345625161154958630
6215657238947212255,10328967871989623713
6215657238947212255,13881127880090126100
6215657238947212255,12802870883905806190
6215657238947212255,3974779884878757345
6215657238947212255,14917868912170262457
6215657238947212255,10801085198763508494
6215657238947212255,8549532784180010675
6215657238947212255,18427006048585564535
3447602556187162246,5987876749436142506
3447602556187162246,16625975194279995
3447602556187162246,16984530696691919451
3447602556187162246,13764758482424056282
3447602556187162246,10471533569646087666
3447602556187162246,15292533781511952925
3447602556187162246,2239696190180937433
3447602556187162246,10208809964193366592
3447602556187162246,11033832226946819444
3447602556187162246,16274878680164606726
2857487329459263699,16984530696691919451
2857487329459263699,12895891944242910920
2857487329459263699,15292533781511952925
2857487329459263699,5659094829777232407
2857487329459263699,3447602556187162246
12637762590538140093,6427713117479309862
12637762590538140093,14939069462802696279
12637762590538140093,9553812009805658691
12637762590538140093,10016991908277125985
12637762590538140093,3008324490098292103
12637762590538140093,4858422929340049660
12637762590538140093,108000414262289038
449426041704379020,10639574805145643066
449426041704379020,8135629935449911768
449426041704379020,12417601972770776593
449426041704379020,9368500337421423432
449426041704379020,13571952933994914527
449426041704379020,2427944851803706357
449426041704379020,44543554363471823
449426041704379020,7330624703411949685
449426041704379020,16994122091362934603
449426041704379020,1996422229452803531
15167405596197157282,17452435245307387527
15167405596197157282,2461914536762847696
15167405596197157282,6814694949395115396
15167405596197157282,16226975386842441738
15167405596197157282,11714593594443267888
15167405596197157282,744965723014098983
15167405596197157282,676750450655275877
15167405596197157282,16638668404954262456
15167405596197157282,3020643599022553395
15167405596197157282,3131436626070897921
12214708765835075434,2436363624237620992
12214708765835075434,7112741338719892353
12214708765835075434,1291283809967465140
12214708765835075434,18435294841692006738
12214708765835075434,15134987762967550649
12214708765835075434,17908701805988720258
12214708765835075434,13205043405496252869
12214708765835075434,15135880607270626589
12214708765835075434,11173522082629792071
12214708765835075434,4009606102824586073
4446767945767351460,8159909153929611315
4446767945767351460,4941406036484560483
4446767945767351460,3126460176620324087
4446767945767351460,9176601632403854575
4446767945767351460,15555449904560062231
4446767945767351460,454713510154177956
4446767945767351460,15763518282458450041
4446767945767351460,13578248484146252130
4446767945767351460,803002779150483098
4446767945767351460,3386260835917200323
10650404028368958861,16049143993854325447
10650404028368958861,6135459582907367656
10650404028368958861,7158490904958827777
10650404028368958861,5757669166585097810
10650404028368958861,13395823529322624182
10650404028368958861,12526222083209259795
10650404028368958861,2538586162524150285
10650404028368958861,7108959179984911526
10650404028368958861,10019208407268648765
10650404028368958861,1625376390464598183
11235601579137545941,2798692920997764061
11235601579137545941,5517513141225257569
11235601579137545941,11668847895563083461
11235601579137545941,5698878989790436273
11235601579137545941,4113284789856172924
11235601579137545941,3054897647665512524
11235601579137545941,6274699192885912753
11235601579137545941,17345052744690172019
11235601579137545941,4980136426960469664
11235601579137545941,16918680982201345687
8323041867074064223,1357606243983988065
8323041867074064223,15050974783860344922
8323041867074064223,1572624329209321972
8323041867074064223,15511622699249959182
8323041867074064223,15412659898365287189
8323041867074064223,11161933410172260719
8323041867074064223,7303780729285924697
8323041867074064223,9420845092828709924
8323041867074064223,17022257062824818065
8323041867074064223,6596190141828579138
2101221661931891468,9658374975260766535
2101221661931891468,16405594456104923068
2101221661931891468,14292890914709088091
2101221661931891468,2908574983413445743
2101221661931891468,3237567948768751565
2101221661931891468,14832090066558646074
2101221661931891468,11868662558797761940
2101221661931891468,1773136413402521425
2101221661931891468,7916704488487135067
2101221661931891468,18037868372683033233
4650143059439853068,13368627402581298305
4650143059439853068,13636851449973571858
4650143059439853068,4031436767419354045
4650143059439853068,18164246496963082328
4650143059439853068,977225712623215325
4650143059439853068,11390225001732018518
4650143059439853068,4256760203521744100
4650143059439853068,8037311127185942891
4650143059439853068,17223201387837668407
4650143059439853068,6433777691672396722
6089430789798386676,1581428361410188368
6089430789798386676,3553159552889119218
6089430789798386676,1520221544868414828
6089430789798386676,13021836177231904742
6089430789798386676,4981997925325353253
6089430789798386676,8432725692877513322
6089430789798386676,10493932413019615287
6089430789798386676,6824070006173122223
6089430789798386676,1578386920730739669
6089430789798386676,12347796834228741761
14381482001435739969,5580891630522016735
14381482001435739969,9295970742322190840
14381482001435739969,3558829227223245082
14381482001435739969,14741870758795833492
14381482001435739969,10675172206444743811
14381482001435739969,4184690606925599050
14381482001435739969,6429167317329928392
14381482001435739969,17622193419308395392
14381482001435739969,14519390302089121369
14381482001435739969,460333804066071791
15306232667940952711,4688310052117544425
15306232667940952711,1518317162771092357
15306232667940952711,9375784039099671052
15306232667940952711,13228560221400510564
15306232667940952711,9408744178407547245
15306232667940952711,10536425657918869261
15306232667940952711,11211635534013882554
15306232667940952711,9874041410944559588
15306232667940952711,11424932236210271867
15306232667940952711,3715230182625075960
15166365308210523536,5170758576446306173
15166365308210523536,3736181704541507245
15166365308210523536,2157886076500859828
15166365308210523536,15527099122529867817
15166365308210523536,295250611968692102
15166365308210523536,14110279249614759766
15166365308210523536,8020734401814195760
15166365308210523536,12357812522076543169
15166365308210523536,10866315952855769171
15166365308210523536,16223135719897629050
8612318971229495860,12312033580823433693
8612318971229495860,2845350234407886393
8612318971229495860,2366035291457939803
8612318971229495860,6846535961174520040
8612318971229495860,13288629667892293912
8612318971229495860,10628934604939948549
8612318971229495860,5744044355110337914
8612318971229495860,4563211468289258190
8612318971229495860,8671103433404783287
8612318971229495860,12502226072596032184
14638653465637018739,7863078811187154489
14638653465637018739,14418749084142240280
14638653465637018739,15352144072309009824
14638653465637018739,7406201903329072503
14638653465637018739,715987523523198463
14638653465637018739,4830573393979569674
14638653465637018739,792263556643301438
14638653465637018739,1562411374718911369
14638653465637018739,404175896440644157
14638653465637018739,2159900123971434319
6098919591132601339,5933571632504466848
6098919591132601339,183647538957120544
6098919591132601339,9661692707580945775
6098919591132601339,6874065522025628647
6098919591132601339,7516285776858799792
6098919591132601339,15182065369793126241
6098919591132601339,17575508041141773468
6098919591132601339,4216100217625960535
6098919591132601339,2809753056515347922
6098919591132601339,7957284968650006405
16809983107195186079,14431228185084411586
16809983107195186079,10169831498197752342
16809983107195186079,4214277860018394789
16809983107195186079,295250611968692102
16809983107195186079,12739613951895355543
16809983107195186079,10680799629458992830
16809983107195186079,2195102076176116054
16809983107195186079,11146609075152689104
16809983107195186079,5969992861398195590
16809983107195186079,10693035357778448575
7553340185024589582,10560564852665353541
7553340185024589582,10169831498197752342
7553340185024589582,12983926808103008237
7553340185024589582,16809983107195186079
7553340185024589582,3943040040274974626
7553340185024589582,12739613951895355543
7553340185024589582,10680799629458992830
7553340185024589582,2676465114044816064
7553340185024589582,2195102076176116054
7553340185024589582,7454239704085971853
3105156469460524840,17294505109821080364
3105156469460524840,11013136295365909005
3105156469460524840,9199241389025500899
3105156469460524840,9264867121460839212
3105156469460524840,9048100810585086987
3105156469460524840,11335530914971986902
3105156469460524840,956405083540884174
3105156469460524840,13573964761193160309
3105156469460524840,13349624130186893477
3105156469460524840,14413994920178586626
3266363484838289409,13736737670263789424
3266363484838289409,2845350234407886393
3266363484838289409,10169831498197752342
3266363484838289409,12983926808103008237
3266363484838289409,16809983107195186079
3266363484838289409,8612318971229495860
3266363484838289409,10680799629458992830
3266363484838289409,93164789698111753
3266363484838289409,5744044355110337914
3266363484838289409,5969992861398195590
13102890771516471065,12027337611433656084
13102890771516471065,13379637710868661800
13102890771516471065,7848563193419906764
13102890771516471065,4300970004529238500
13102890771516471065,11928668593576469781
13102890771516471065,5344033547488988117
13102890771516471065,7422287691854027578
13102890771516471065,537567615305719210
13102890771516471065,12318268390649277314
13102890771516471065,16223135719897629050
7422287691854027578,13379637710868661800
7422287691854027578,13524324820185934756
7422287691854027578,17148761008277413598
7422287691854027578,14726704015163830622
7422287691854027578,11561986167742259927
7422287691854027578,11928668593576469781
7422287691854027578,10403522792371844248
7422287691854027578,2968585351604642631
7422287691854027578,2483565233557800867
7422287691854027578,2649044304187352025
16223135719897629050,13379637710868661800
16223135719897629050,4482987782633561427
16223135719897629050,11928668593576469781
16223135719897629050,9872277312421141317
16223135719897629050,5344033547488988117
16223135719897629050,4582206288912516706
16223135719897629050,12465460029466390587
16223135719897629050,13119949803868128752
16223135719897629050,11904191752256394556
16223135719897629050,1309631839092556707
4300970004529238500,8160632680831337034
4300970004529238500,13379637710868661800
4300970004529238500,9493125473400445283
4300970004529238500,13524324820185934756
4300970004529238500,11928668593576469781
4300970004529238500,16161377440209662037
4300970004529238500,8990557770676902691
4300970004529238500,7232990403544308034
4300970004529238500,9935707257857436147
4300970004529238500,11904191752256394556
6188521334471223664,894448455373440058
6188521334471223664,11434140278492971041
6188521334471223664,10476647369678434043
6188521334471223664,13129276937949405462
6188521334471223664,7069277903127733924
6188521334471223664,17856029854202027880
6188521334471223664,2691097547876286362
6188521334471223664,9614066418907673983
6188521334471223664,4071611376094272148
6188521334471223664,7821496288852026451
18390664711257628156,16079195565081284682
18390664711257628156,7300742399629681417
18390664711257628156,4234886412431304438
18390664711257628156,3367700582951745169
18390664711257628156,10560147421973616040
18390664711257628156,1670683651249011398
18390664711257628156,7477654632383057591
18390664711257628156,11969338175904408395
18390664711257628156,11057313009979293837
18390664711257628156,9058464383885506015
8799294614287754687,12027337611433656084
8799294614287754687,13379637710868661800
8799294614287754687,11561986167742259927
8799294614287754687,4300970004529238500
8799294614287754687,11928668593576469781
8799294614287754687,5344033547488988117
8799294614287754687,12947021549796386861
8799294614287754687,7422287691854027578
8799294614287754687,2813751098548828197
8799294614287754687,537567615305719210
11612397823986747102,1586227916012731885
11612397823986747102,7848563193419906764
11612397823986747102,3416211488302016247
11612397823986747102,11561986167742259927
11612397823986747102,4300970004529238500
11612397823986747102,11928668593576469781
11612397823986747102,8799294614287754687
11612397823986747102,7422287691854027578
11612397823986747102,1190209612638819150
11612397823986747102,12318268390649277314
16888448779462822920,1586227916012731885
16888448779462822920,7848563193419906764
16888448779462822920,11561986167742259927
16888448779462822920,4300970004529238500
16888448779462822920,11928668593576469781
16888448779462822920,8799294614287754687
16888448779462822920,7933477370792643146
16888448779462822920,7422287691854027578
16888448779462822920,11612397823986747102
16888448779462822920,1190209612638819150
8183041740730860922,5664745992194116107
8183041740730860922,17154484896621281009
8183041740730860922,14840943941366168297
8183041740730860922,16228381257532770183
8183041740730860922,14888505342501335142
8183041740730860922,5914776754615966369
8183041740730860922,9109308223031685043
8183041740730860922,6244286835266543395
8183041740730860922,17544005210728405286
11424932236210271867,13973816081315184279
11424932236210271867,9408744178407547245
11424932236210271867,14984689866847178250
11424932236210271867,11152699450258862120
11424932236210271867,7431572563446407035
11424932236210271867,10552801351038969863
11424932236210271867,5556229355873593768
11424932236210271867,93164789698111753
11424932236210271867,15050972453442832592
11424932236210271867,10866315952855769171
208829199956979047,13973816081315184279
208829199956979047,11780698255487103800
208829199956979047,14997208868949321305
208829199956979047,8758752842720514440
208829199956979047,7512404752239316783
208829199956979047,11424932236210271867
208829199956979047,12357812522076543169
208829199956979047,1021195129240749246
208829199956979047,10866315952855769171
208829199956979047,4282418597928164751
11780698255487103800,13973816081315184279
11780698255487103800,9375784039099671052
11780698255487103800,9408744178407547245
11780698255487103800,7431572563446407035
11780698255487103800,16957330057366640692
11780698255487103800,10552801351038969863
11780698255487103800,11424932236210271867
11780698255487103800,12357812522076543169
11780698255487103800,11571171933186089651
11780698255487103800,1726439756593981796
1021195129240749246,5817703807113185398
1021195129240749246,431821403978069407
1021195129240749246,8886531798267752325
1021195129240749246,13300510603267864303
1021195129240749246,13028615763904245420
1021195129240749246,48626673277144263
1021195129240749246,3617047270545129441
1021195129240749246,4601313629289052190
1021195129240749246,7391306006252354167
1021195129240749246,3228397985325433622
6429313507243502838,2995562654124781222
6429313507243502838,9751592570670668759
6429313507243502838,13614033475826848350
6429313507243502838,11803810325855635298
6429313507243502838,13062102170624238028
6429313507243502838,8065762986997171514
6429313507243502838,16595165662140786000
6429313507243502838,1902137332501800167
6429313507243502838,7687042620031061140
6429313507243502838,12675685197796475846
10667577269028508114,16289790190464087845
10667577269028508114,10207317677681579425
10667577269028508114,473773279137746764
10667577269028508114,13753285876908961086
10667577269028508114,10029923554103363414
10667577269028508114,14082013253727304806
10667577269028508114,17356745435013955378
10667577269028508114,18390664711257628156
10667577269028508114,17479061272915301448
10667577269028508114,280394607599168761
13159594198281220998,16740829740612570421
13159594198281220998,16473531220416210257
13159594198281220998,12983926808103008237
13159594198281220998,6932845676299288989
13159594198281220998,15831613599325729610
13159594198281220998,13494041785325111097
13159594198281220998,17477400488975689549
13159594198281220998,10866315952855769171
13159594198281220998,17845279621710771190
13159594198281220998,1526981430322602147
5701411112753433621,504286294620956073
5701411112753433621,4383470924987344402
5701411112753433621,12574343344676974207
5701411112753433621,11467564518768024719
5701411112753433621,1914276242944783348
5701411112753433621,15064378430661290294
5701411112753433621,5533162518382321710
5701411112753433621,14162573206212289292
5701411112753433621,9937027987546464279
5701411112753433621,8068348184121730494
13299000382113771897,5460173503840157968
13299000382113771897,17255401633690899107
13299000382113771897,12728184883197962673
13299000382113771897,13494041785325111097
13299000382113771897,460115512009976616
13299000382113771897,6547577652824879496
13299000382113771897,7422287691854027578
13299000382113771897,1918111837211007286
13299000382113771897,18195759390865812742
13299000382113771897,10697931860004032328
